username,password
rcreane0@kickstarter.com,"zM1__I,%&$yF"
tbidgod1@flavors.me,"hG6%H)7m,l6Y&)j"
deplate2@stumbleupon.com,wG7_a6HI
hkemmish3@cisco.com,fH2/9s(jdQ0~
acopner4@narod.ru,sonuj@123
jwarsap5@cdc.gov,vL5&X78y
eloude6@hp.com,"oP4,Np}X`f~1Jz"
vwickwarth7@abc.net.au,tK7>t7WP*9O
nmcdavid8@vkontakte.ru,mB3~yTu%T
csuffe9@foxnews.com,qR1#!Up/x
sleishmana@wikipedia.org,vA0#qXDbj9$Fidxd
jwilcherb@fema.gov,xV1.1N${a
inawtonc@github.com,tE6.jv16U4&D
ltorrisid@bbb.org,eL7.Dug4Z2M4=g\
jstratforde@zdnet.com,"aL8)zM2(,M="
everseyf@tripadvisor.com,wL2*R3*/?%1BEe
dcollingg@pinterest.com,"sL6,MpdT=+fS44"
edessonh@goo.gl,sL9\VJSg.|=h&
spetheridgei@answers.com,iI2`j(DXw~fz
nrivilisj@tuttocitta.it,dY6}bMpgT_
jduffieldk@seattletimes.com,"iT3""LH2oAlKUFy"
mmaclennanl@jugem.jp,nP4|V5D$yp
tbreensm@cbsnews.com,"nP1<R5""{&WsZ"
vtidgewelln@mozilla.com,tH4=J>uwq+ugQ)j
jspringallo@geocities.jp,eW7+9qt)Ybnib=x3
gkillockp@economist.com,oH1\Qs$Vq#
plaimableq@purevolume.com,lJ1=lN0cOAwz
ngrogr@yelp.com,yU2{3Bt(
hprogers@php.net,hK1`#tuh\zqo
cjerdont@baidu.com,qS4`}DWLCtS
bsouthernu@nytimes.com,pZ1@!0ha3+\|
lleamonv@cbslocal.com,fM7@ol~O5~(
ccranstonw@goo.ne.jp,kV7($St+.F!
abannonx@sciencedirect.com,bG2+~YQTi1
brufflery@example.com,pT7@g9@l4
dhuxtonz@stumbleupon.com,tU2(J<wAk
gpariso10@weebly.com,dT8|CB25KpB.9
jmcrory11@tinyurl.com,aL6$6<sfO0ek{
lsoame12@live.com,uY1\bsRYw'
yryman13@businesswire.com,sL4{TH+38v/A91r
ebrabin14@archive.org,wO1#jWG<K{co`K~n
dcarillo15@si.edu,kM7@m_/#NHm#&w
florenzo16@dell.com,iS3_4dt1B
ehestrop17@desdev.cn,"xM6_""r7G"
akornilyev18@woothemes.com,jQ4/6\<MT?{2R.@7
vbutterley19@eventbrite.com,bP7?#cP{0<Joh=
omartinson1a@ft.com,cW7_6=WtNL%J'\D1
zyouings1b@nsw.gov.au,"yC2{OlJ,\"
mloxston1c@ameblo.jp,kB4`k5S`KRs\Es
blambell1d@taobao.com,mP4!jUDZEP!Q1ucN
cospellissey1e@wp.com,gI2=lV1y'%
cwestmerland1f@va.gov,lS1}Js+zxtjnD
dcanfer1g@gov.uk,gN7=H.lt5%B0K6g@
dgreenroa1h@taobao.com,dP1_/mu`DHblQ
araymond1i@hibu.com,yQ8&C(}qcL
krechert1j@bloomberg.com,dV4&<Ur_M
sdaton1k@businessweek.com,uO1_T*WX.{
ihagger1l@mapquest.com,wZ6+9i0}_e/C%OBp
apabst1m@jimdo.com,sN0|TjBO
rcavanaugh1n@drupal.org,"wW7?3Tl}$>K"""".`<"
bfullbrook1o@istockphoto.com,"sV3,&>AG"
dforbear1p@nps.gov,oT7\dAN|*=
edurno1q@ebay.co.uk,"fN3,91v=_IY*NV"
llumpkin1r@blogspot.com,"lN7/!#r\3""(3wz"
jdrissell1s@diigo.com,oU8#`Hb%}eQmnuAz
nmannin1t@google.cn,yY6'ZfbPj{1<rE
agreenard1u@google.de,"qW6""%BgVkp=$VX?a"
averralls1v@arstechnica.com,yJ1(`K<Ej
abambery1w@yahoo.com,jR9*RM)m|Em
mmatson1x@qq.com,uO0}G19KCO*E&Pd#
lmulles1y@redcross.org,"rM0%ZrB\"""
eplewright1z@studiopress.com,qR9+t}yCI4Zd
acrambie20@squarespace.com,eN2&@mGkuglb
groughley21@sbwire.com,bR1{lFE2
rarchanbault22@epa.gov,"gY3""gjl,+/VH~U"
lmaypowder23@umich.edu,"wB8`F|T,0yaA"
wvickress24@sogou.com,mT0+V@M=V!Hem8
smaunton25@reddit.com,gG4\cli?o
ncaldwall26@domainmarket.com,bD0>z*t1g}M
hjohanchon27@ustream.tv,pP5=S#ffq2B#K!h
fmucci28@google.co.uk,"iB8,>.Bj*hP""5ygo"
aharwood29@geocities.jp,sB0|M5\.X_6
igilders2a@go.com,bO0%+zC&kD8|I!2.
rmolen2b@fda.gov,gT7?6~9bsi.r
ievesque2c@privacy.gov.au,oQ0?$z_rez937
jhazeltine2d@flickr.com,zX6<X}Q}
rfurnell2e@prlog.org,"qC9,`|0u{0P4#"
vbaulch2f@google.co.uk,"kA5(,j}?<mBx"
gveracruysse2g@theguardian.com,aL9)0_>V
vgoodspeed2h@timesonline.co.uk,gM6_e{*l
eskim2i@rediff.com,nG9<AI)MVXf
mgerant2j@google.it,pO1#E#taS|CB=fl$
aroan2k@elpais.com,iA3(drI+&*ofC|
nmingasson2l@vistaprint.com,wL4'S#Pl!K
wmountstephen2m@sun.com,"dV1)xkE<&w%@"""
cstaggs2n@adobe.com,xN9<hD{iks2@Q=t
dmelchior2o@shinystat.com,rV3~j3gHeU_
mvice2p@newyorker.com,iJ5)\}Eaq6g
btunn2q@eepurl.com,"fQ0,12iCwoT4>"
jrosettini2r@so-net.ne.jp,eB1&a#E!h
